order_month,monthly_sales
,
5,390188.6599999999
6,142577.55999999997
