order_hour,hourly_sales
,
13,142577.55999999997
19,119328.47
20,270860.18999999994
